ID,Comment
1,"Nên nêu rõ các thành phần có trong thức ăn, Tránh trường hợp như mình hoặc những vị khách lần đầu khác bị dị ứng hải sản ( Tôm, cua, mực ) Nhưng vẫn ăn cá được. Mình order cơm cá Ngừ thì có thêm Thanh cua :))) Nên ăn không được"
6,"Nay mình đi gọi 2 món. Món đầu tiên có gà và tok. Tok kiểu chiên giòn thêm sốt nữa ăn rất cuốn, ngoài cứng trong mềm. Gà ngon, không bị bở, nhưng ngọt quá. Món thứ 2 mì tương đen thì không có gì đặc biệt. Panchan miễn phí không giới hạn, ưng dễ sợ. Không gian quán có 3 lầu nhưng đông khách nên có cảm giác rất bí."
9,ĐÓNG GÓI RẤT TỆ. ĐẶT 3 CANH NÓNG HỔI MÀ NGHĨ SAO ĐÓNG CHỒNG LÊN NHAU ĐỔ HẾT 2 CANH Ở DƯỚI. CƠM THÌ NƯỚC CANH TRÀN VÔ ƯỚT HẾT. ĐẶT QUÁ TRỜI MÀ KHÔNG ĂN ĐƯỢC GÌ HẾT
12,"Đi hoài ở đây nên ít khi chụp ảnh lại. Đồ ăn ngon, không gian quán ổn và nhẹ nhàng. Chỉ có thỉnh thoảng đông khách thì phải ngồi đợi nhưng cũng không lâu, nhân viên giữ xe và phục vụ đều nhiệt tình và vui vẻ. Giá cả tầm 40 -60k một món, khá vừa túi tiền sinh viên. Nên mỗi lần hẹn hò mà lười tìm chỗ là lại tới đây, cũng mấy năm rồi mà vẫn không khác gì. Kim chi free ăn rất vừa miệng, món mình thích nhất là cơm bimbim và lẩu kim chi"
15,"Ngon, giao hàng đầy đủ"
18,"Order 2 trứng chỉ giao 1
Tok 40k mà chỉ có từng này
Sẽ ko order nữa"
21,"Thật sự mình rất thích món Hàn và một trong các quán ăn Hàn mình thích nhất là quán này, quán có nhiều chi nhánh lắm, mình ăn ở đây do gần nhà, món ngon nhất mình thích không biết gọi tên là gì nhưng là cái đĩa kimpap màu hơi tím ý, vị cực ngon luôn, ở đây dùng soup miễn phí, muốn múc thêm bao nhiêu cũng được, các món ăn giá theo mình rẻ đó, ăn hợp vị, có điều không gian quán mình thấy không giống Hàn lắm, bình dân à, phục vụ không được niềm nở lắm."
25,"Đi ăn mùa dịch, tưởng mọi người sợ dịch trốn nhà hết rồi, ai dè vẫn đông và xếp hàng dài như thường, nên mình đành mua về. 
Mình gọi 3 món: 1 phần cơm bò bulgogi, 1 phần mì tương đen, 1 phần gà. Món cơm bò kiểu quen thuộc như thịt bò ở nhà xào rồi trộn chung ăn với cơm đó, nêm nếm rất vừa miệng, phần cơm phần thịt hợp lý, không bị tình trạng cơm 1 nùi mà chẳng thấy thịt đâu. Gà vị cũng ngon nhưng vì mua về nên phần da bị ỉu. Món ít ngon nhất là mì tương đen, nhạt nhẽo, đã vậy thịt bé tẹo, loe hoe vài miếng, dân hảo thịt mà gọi món này không hợp gu lắm."
27,"Cuối tuần OT ngay ngày mưa bão kỷ lục cuối năm 2018 nè , hên shipper Now vẫn nhận đơn và giao hàng nhanh cho mình cứu đói . Mình kêu phần mì và gà ăn lót dạ . Hên đem tới còn nóng ấm nên ăn ngon lành . Đồ ăn nêm nếm đậm đà nha , gà không xươnh được áo lớp ngoài bắt vị . Hộp đựng chắc chắn lắm nên không đổ ra ngoài xíu nào . Ở Hanuri bán đồ ăn khá ngon , đông khách lắm , mình ăn cũng lâu năm rồi !!"
30,"📍 Vị trí: quán nằm mặt tiền đường SVH để ý xíu là sẽ thấy quán, vì quán bị hụt vào trong nên đôi khi bị chạy ngang qua luôn, đối diện xéo xéo với Don chicken á. 
🛵 Giữ xe: ngay trong quán luôn, chỗ giữ xe cũng rộng rãi, có nhân viên dẫn dắt rồi trông xe luôn, miễn phí gửi xe. 
🏡 Không gian: có 2 lầu, có máy lạnh cũng khá là rộng rãi, tuy nhiên không thoải mái lắm vì bàn ghế san sát nhau. 
🍽 Menu đa dạng dễ lựa chọn, mình gọi cơm cá ngừ (45k), Nudu kimbap (43k) và miến trộn (50k). Hồi xưa thấy cơm cá ngừ có sốt mayonnaise ngon lắm giờ thấy không ngon bằng, kimbap thì cuốn quá lỏng tay, vừa gắp lên là vỡ tùm lum, chỉ có miến trộn là ngon, miến dai mềm, đậm đà. À mà xin thêm sốt mayonnaise là tính thêm 4k/1 chén nha. 
💃🏻 Nhân viên: phục vụ nhanh nhẹn. 
💰 Tổng thiệt hại: 161k/2 người no nê luôn. Cũng ổn"
34,"Rủ 4 đứa bạn đi ăn đồ hàn quốc, nó dẫn tới quán này, vô sài gòn đi ăn theo mấy đứa bạn thôi. thấy quán này trên foody cũng nhiều chi nhánh ghê. mình gọi khá nhiều món : 
- phô mai  tokbokii chả cá : tok dai, chả cá ngon, hơi cay 
- nudu kimbap : kimbap cuộn to, nhân nhiều
- gà rán : ăn khá ngon, lớp bên ngoài giòn, bên trong thịt gà mềm
- phô mai kim chi bokkum : món này mình thích lắm, kiểu mình k ưng phô mai á kìa
ăn này gòi kèm mấy lon pepsi là chuẩn"
42,"Sau nhiều lần order trên now rất ưng ý. Quán gói kĩ càng, banchan đầy đủ, đũa muỗng sạch sẽ. Mình hay order Gà chua cay và cay ngọt, sốt rất ngon, bỏ xa mấy quán gà rán thức ăn nhanh, lại còn rẻ 68k 6 miếng gà. 
Điểm trừ là vì gói kĩ nên lượng đồ nhựa hơi nhiều, mỗi món nhỏ đều là 1 hộp."
46,Không còn từ nào để nói. Đỉnh lắmm 👻
50,"Vị trí quán rất dễ kiếm nha m.n nằm tren con đường Sư Vạn Hạnh tấp nập đồ ăn . Không gian quán hơi ngộp tí và máy điều hòa hoạt động không tốt . Các món ăn chủ yếu vị ngọt nhiều :( nhưng tóm lại so với giá thì cũng tạm chấp nhận . Menu quán đa dạng   phong phú , kim chi free và tự phục vụ ạ . Là một nơi lý tưởng để tụ hợp bạn bè vì gần khu trung tâm thương mại Vạn Hạnh mall . Khi ăn xong có thể ghé siêu thị chơi ạ ."
55,"Đồ ăn ở quán có giá cả vừa túi tiền, phần cơm trộn và mì bánh gạo có vẻ hơi nhạt. Theo mình thấy phần gà là ngon nhất, và phần bánh gạo đi kèm với gà là ngon bá cháy luôn, nó có vị ngọt ngọt, ăn rất ngon. Mình khuyên các bạn nên ăn thử."
59,"❗ Nhấn vào hashtag #Linginquan10 để cùng ăn nát Quận 10 nhé mọi người 💜
.
🔺Buổi trưa đói quá thì làm gì? Order ngay quán đồ Hàn giá rẻ lại chất lượng ngay thôi 🤣
.
📌Hanuri Korean Fast Food số 736 Sư Vạn Hạnh, Phường 12, Quận 10
.
🔺Cũng quá lâu rồi mình mới đặt món của Hanuri nhưng vẫn nhớ như in những món mình tâm đắc nhất ở đây :))))
.
🔴Kimbap (39k)
↪️Món này coi như signature cho rồi. Vì quá ổn cho 1 ngày k nấu nướng và muốn ăn thật nhanh nhưg vẫn đủ chất lại có cơm :))) Đối với mìh món này vẫn best ạ 🤟
.
🔴Cơm Bò Bulgogi Bokkum (52k)
↪️Nhiều lần như 1 là mìh kbh ăn hết phần cơm này 1 mìh :))) Món này ăn ngon hơn nhất là khi trộn điều mọi thứ thêm 1 lần nữa trc khi chi vào mồm nja 👏 Cơm bữa đó hơi khô, thịt bò vụn quá nên k cảm nhận đc nhiều. Cái trứng trên bề mặt lúc nào cũg hấp dẫn đối với mìh 🥰
.
🔴Tokbokki Phô Mai Có Mì (47k)
↪️Món này thằg em mìh quá là mê. Mà hả nào là phô mai, tokbokki là đỉh rồi còn thêm mì thì thật sự suất ăn này khá nhiều. 2 đứa ăn cặm cụi luôn mới hết :))) Mì hàn quốc cũg bthuog thôu quan trọg là phô mai tan chảy quá đã, tok bữa đó hơi cứg nè 😴
.
🔴Mì Cha Chang (43k)
↪️Món mì tương đen này với mìh hơi ngấy vì sốt tươg đen lại hơi mặn nha. Mà thằng em mình nó mê lắm, ăn phát hết sạch :)))
.
.
#saigon #vietnam #vscocam #vsco #diadiemanuong #review #foodaholic #foodoftheday #foodininstagram #foody #foodlover #foodporn #milktealife #milktealover #bubbletea #milkfoam #cheesetea #eatanddrink #foodblogger #saigonstreetfood #eatsaigon #matchaholic #lingeatdelicious"
62,"Vị trí: nói dễ tìm cũng không phải nói chung chịu khó để ý chút cái số nhà nha. Đi từ 3/2 vào là bên tay phải qua vạn hạnh mall.
Không gian: không lớn lắm cũng không nhỏ lắm. Nhiều bàn ghế mà nhiều khi cũng hết bàn luôn. Quán theo phong cách sinh viên vậy đó.
Chất lượng: món nào cũng ngon nhất là miến xào thấy vừa miệng thơm ngon. Chỉ có gà chiên là nguội rồi cục gà hơi cứng nữa không có giòn.
Giá cả: mình ăn  4 món thêm 4 ly nước là 250k giá cả cũng hợp lý nhiều đồ ăn.
Nhân viên phục vụ dễ thương, lịch sự."
67,Ăn được một vài lần. Chưa lần nào cảm thấy thất vọng vì đồ ăn cũng như cách phụ vụ. Đồ ăn hơi mắc ở 1 vài món còn lại mình thấy ok
70,"Quán có món cơm bibim rất ngon 😛😛  , lần nào tới cũng gọi 2 phần , lẩu ăn lần thịt heo , lần sun du bu đều bị mặn  , ko biết do khẩu vị mình ko. Cánh gà ăn ổn , quán để chụp hình sống ảo cũng ok 😋
, sữa chua việt quất pha ko ngon lắm , thái độ nhân viên bình thường. Vẫn quay lại khi thèm cơm hàn 🙂"
74,"Nếu thèm ăn đồ hàn, thay vì chọn hancook mình sẽ chọn hanuri. Đồ ăn ở đây khá ngon, gửi xe ko tốn phí, nhân viên phục vụ nhiệt tình. Chỉ có điều vào giờ cao điểm thì quán đông bạn phải ngồi ở dưới đợi khoảng 10-15ph mới đc lên ăn."
78,"Đây là lần đầu mình ăn trên Hanuri, kể ra cũng rất vừa ý mình. 
Mình order 3 món là Jajang, Tok phô mai và Kimbap. Jajang rất nhiều, ăn thực sự muốn ná thở, 2-3 người ăn mới hết, hương vị cũng tạm ổn, chắc là do mình không khoái vị tương đen và ăn mặn nên cảm thấy nó hơi nhạt một chút. Tok phô mai ngon, nhiều đồ ăn nhưng hơi cay (mình ăn mà uống nước no luôn ấy :)). Kimbap vẫn là hợp với mình nhất, cuộn đẹp, chắc chắn, nhưng mình hơi ngại một điều trong nước sốt hình như có hành tây ??? (mình ghét hành ToT) Lúc đầu mình kêu ba món, sợ là ko đủ no, nhưng thật sự thì nó ngon mà nhiều lắm, thích nhất là quán có tặng theo hai hộp kim chi nhỏ và hộp soup ăn kèm. 
Nói chung là giá cả khá hợp lý, tương xứng với chất lượng món ăn."
80,"Cái chị nhân viên này rất là khó chịu, mình đi ăn mấy lần rồi. Lần nào lại đứng chuẩn bị order đồ ăn là hỏi mình : “ Mấy người?” Wtf hỏi ko có chủ ngữ vị ngữ gì. Mình giả điếc ko nghe hỏi lại là : “ Chị hỏi gì ?” Thì mới chịu sửa. Sợ thật."
83,"Quán nằm ngay mặt tiền Sư Vạn Hạnh, có 2 tầng, lên tầng trên khá rộng rãi.
Các bạn nhân viên tuy không thân thiện lắm nhưng nói chung order cũng nhanh gọn, lên món cũng không mất nhiều thời gian.
Mình thích ăn mì ramen và gà chiên cay ngọt ở đây. Món mì ramen khá cay đấy nên ăn sụt sùi đúng kiểu món Hàn Quốc. Kimbap thì bình thường, ăn cho no bụng thôi chứ không có gì đặc sắc.
Có thể tự serve canh và kimchi thoải mái không giới hạn. Giá cả rất mềm, khoảng 70k-80k / người."
86,"Lâu lắm mới quay lại.
Đồ ăn cũng ngon, rẻ. 2 người tầm 4-5 món 200k là no căng.
Tokbokki cay lắm luôn 😭, lẩu cá ngừ ăn cũng ổn, kimbap chấm sốt ngon nè
Mà mình hơi thắc mắc cái súp rong biển ở đây chỉ là nước trong vắt v thôi hả, bữa quên chụp nhưng chén súp rót ra chỉ có nước vàng vàng vs vị rong biển thoang thoảng 🙃🙃🙃"
88,"Đây có thể là lần thứ """"n"""" mà bên Hanuri làm sai món. Đôi khi bạn phải biết thương hiệu của mình có đôi lúc có vài món giữ chân khách hàng, vì thế người ta mới tìm đến và để thưởng thức món đó. Nó giống như khi bạn đang thèm món A mà cửa hàng lại đem giao cho bạn món Z. Nó cũng tựa tựa khi bạn đang bệnh sốt trúng thực mà Người ta lại cho bạn ăn cơm với hột vịt lộn. Không hiểu nổi quy trình thế nào mà sai cả 2 món. Trong khi đó đang bị ngén đúng 2 món này. Vâng dù sao vẫn cảm ơn Hanuri. Chúng tôi """" THÍCH LÀM NHẦM VÀ LÀM SAI"""""
93,"Chi nhánh này buổi tối đông lắm, đồ ăn ổn, giá cả cũng ok"
97,Thấy quán được review tốt nhiều nên ghé ăn thử. Trong 3 món mình gọi thấy có tok là mình ăn cảm thấy là ổn nhất còn lại thì ...
99,"Mình ship về rất thường xuyên, hôm nay ship cao chất ngất"
101,"Bữa trưa cuối tuần quá no cho 2 người. Đồ ăn ngon, giao hàng nhanh, tới nơi vẫn còn nóng hổi. Đóng hộp sạch sẽ và chắc chắn nữa."
104,Ưu tiên các app giao hàng mà để khách vãng lai đợi quá lâu. Khách gọi món tại quầy trước mình ăn sắp xong luôn mà mình vẫn chưa có món. Quá thất vọng về Hanuri. Sẽ không ủng hộ nữa.
108,"Mình đi 2 người. Món trong hình mình ăn: 
- Miến xào hàn quốc: miến dai dai, vị nêm vừa ăn
- Canh kim chi kèm chén cơm: món này mình thích ăn nhất nè, vì cơm tím ở hanuri ăn vừa dẻo lại thơm, màu tím nhìn khá bắt mắt, canh chua chua cay cay, bên trong có nấm kim châm với thịt ba chỉ, nhưng mà thịt hơi ít >.< 
- Nudu kim bap: ngoài vấn đề duy nhất là cuốn không chặt tay nên mình vừa gắp lên bị rớt hết -_-. Bù lại nhân khá nhiều. Nhưng mà ăn kimbap mà đồ ăn rớt ra ngoài là hok vui rồi, mình phải bỏ vào muỗng rồi chang sốt lên mới ăn được.
- Mì tương đen: món này là dở nhất á. Nhân viên hỏi mình có muốn thay bằng mì tự làm không, và nó ăn thật sự là tệ, mềm nhũn ra, vị tương đen cũng không ngon. So với gói mì tương đen ăn siêu thị còn thua xa. 
Điểm cộng: giá rẻ, bình dân. Món canh kim chi, miến xào khá ngon. Kim chi, với canh có chả cá tự lấy. Trên bàn có để nhiều loại tương để lựa chọn. 
Điểm trừ: mì tương đen -_-"
112,"Mình đi nhiều điểm hanuri rồi. Những chỗ này thì gần mình hơn nên ghé, đây cũng là địa điểm chật hẹp trong các chi nhánh.
Thức ăn vẫn oke như các chi nhánh thôi. Ngoài vài lần phục vụ lau bàn quá bẩn thì vẫn chấm điểm tốt.
Ăn tại quán kim chi free nhưng mua mang về thì ôi thôi, chắc được 1 gắp kim chi. Chán ghê"
114,"Lâu ghê mới quay lại đây ăn mà chất lượng cũng ok phết. gọi mấy món mà món nào cũng ngon ghê. kun mandu là bánh xếp chiên, vị rất vừa ăn, bạn nào muốn đậm đà hơn thì chấm thêm nước tương nhé. Bánh gạo phô mai là auto lần nào đi cũng gọi, món này chuẩn ngon nha, bánh gạo dai mềm ghê, ăn ngon mà không bị ngán. Cơm curry gọi thử mà ngon vượt ngoài hy vọng luôn, sốt cà ri thơm mà đậm vị lắm nha, ăn với cơm cũng ngon nè. gọi thử món mới là phô mai gà thấy cung ngon ghê luôn nha, gà không xương và bánh gạo chiên rồi lắc phô mai, hinh nhu còn có thêm sốt nữa nên ăn ngon hẳn. 

Giá cả rất sinh viên luôn, 2 người gọi 4 món và nước luôn tầm 200k ăn no nê nha. Pancha kim chi và canh chả cá tự phụ vụ là được refill thoải mái."
116,"Thức ăn ngon, đặc biệt là gà siêu giòn siêu ngon luôn, mình mới ăn thử gà chua ngọt thôi. Tokbokki hơi ít, kimbap cơm rất dẻo lại bắt mắt chấm thêm sốt mayonaise thì thôi rồi ngon tuyệt, phần kim chi cũng ngon có điều hơi chua. Nhân viên cũng ok, mong quán bổ sung thêm mấy cây quạt chứ ngồi ở lầu 1 cạnh kính mà nóng k chịu nổi"
118,"Mình ăn ở đây rất nhiều lần, hầu như lần nào cũng hài lòng. Nhân viên phục vụ rất nhiệt tình, có người sắp xếp chỗ ngồi trước khi vào quán nếu quán hôm đó đông quá.
Mình thích phong cách tự phục vụ ở đây, có thể lấy kim chi, canh, khăn giấy và tương ớt tùy thích. 
Quán nằm ngay mặt tiền đường XVNT cũng dễ tìm và gần nhà mình
Không gian rộng rã thoáng mát, lý tưởng khi tụ tập bạn bè.
Đồ ăn giá cả khá phù hợp . Các món ăn nêm khá hợp khẩu vị người*** Mình thích nhất kimbap vì nước sốt của nó được pha ngon."
121,Lần nào cũng mua ở đây. Hài lòng. Ngon.
123,"Trước đây luôn là khách quen của hệ thống hay thường xuyên đến hai chi nhánh Xô Viết và Nguyễn Đình Chiểu. Hôm nay là lần đầu mình đặt về nhà. Đơn hàng của mình gồm tok k mì và gà chiên chua cay. Một phần gà là 55k + gà thêm 35k, mình đặt hai đơn gà như vậy, giá cũng tính là 180k. Tức là phải có TỔNG CỘNG 12 MIẾNG GÀ thế nhưng lúc nhận được chỉ vỏn vẹn 6 MIẾNG KHÔNG HƠN. Gọi lên tổng đài phản hồi, nhân viên chỉ nói để lại đánh giá ở đơn hàng trên Now, và thế thôi, chẳng có phản hồi nào cho khách hàng nữa????? Khá thất vọng!!!!"
125,"Cửa hàng Hanuri chưa có ý thức về việc giảm thải nhựa để bảo vệ môi trường. Khi order đồ ăn takeaway mình đã nhờ foody dặn nhà hàng là để chung các phần ăn vào hộp lớn và không lấy muỗng nhựa để hạn chế rác thải nhựa dùng 1 lần. Tuy nhiên khi giao hàng Hanuri đã bỏ mỗi món vào 1 hộp nhựa, một chút nước chấm và kim chi/ đồ ăn kèm cũng bỏ vào chục hộp nhựa.
Hanuri nên có ý thức hơn để thể hiện là quán ăn có giá trị tốt ngoài chất lượng thức ăn. Hy vọng quán sẽ thay đổi dần trong tương lai"
129,"Mình đặt qua Baemin, nhưng hình với ở ngoài khác nhau, ko có trứng hay chả gì hết, chỉ có tokbokki ko thôi, buồn nguyên buổi tối 😞"
133,"Gần đây mình có đặt món bên Baemin vài lần, kimbap và tok truyền thống. Món ăn rất ngon, đóng gói và bảo quản đồ ăn cực kỳ cẩn thận và vệ sinh, có kèm đũa muỗng, giấy ăn và món kèm đầy đủ👍🏻"
137,"Hôm nay mình có order qua Now 1 phần cơm bibimbap và 1 phần bánh gạo cay ở quán này và cảm thấy rất hài lòng. Đơn hàng được xử lý và giao nhanh, thức ăn giao đến nhà cho mình vẫn còn nóng, quán gói hàng cẩn thận chu đáo và nhìn lịch sự. Thức ăn khá ngon và giá cả hợp lý nữa. Mình sẽ ủng hộ quán dài dài."
142,"Mình đến quán lúc đông, hỏi nhân viên gửi xe thì họ bảo hết bàn cho 2 người, trong khi có 2 người nữa cũng đến sau nhưng nhân viên giữ xe lại bảo là còn bàn, mình thấy khá khó hiểu và khó chịu với cách thông báo bàn với khách của nhân viên ở đây"
146,"Đặt 1 phần mì tobokki phô mai tổng ship có giảm 53k. 
Có ai muốn ăn phần 53k thế này không ? 
Đồ ăn rớt lum la, nhiểu nhão kiểu bỏ ra tô nhìn hết mún ăn. 
Nói chung không có lần sau."
151,"Bị ghiền món này, lúc nào oder cũng kèm theo món bánh nào này hết"
154,Ăn rất nhìu lần và hình như bị ghiền quán này mất rồi. Tuyệt nè
157,Foody cứ cho chạy khuyến mãi nhưng vào chọn nhà hàng thì kg có khuyến mãi ấy. Cứ như thu hút khách vào xem thôi.
159,"Ăn ở đây nhiều lần rồi nên hôm nay thử 2 món lần đầu ăn là lẩu gà và bánh xếp

Lẩu gà tưởng ko ngon mà ngon ko tưởng rất nhiều thịt gà nước ngon đậm đà có khoai tây và cà rốt

Bánh xếp mình ko thích lắm kiểu còn nghe mùi đồ ở siêu thị đóng gói"
162,"Mì tương đen dai ngon, vị vừa ăn. Gà sốt cay ăn cũng được, chiên giòn thêm 1 tí nữa thì ok. ưng nhất là các bạn nhân viên trẻ mà lịch sự dễ thương. Thường xuyên hết bàn nên phải order mang về, hoặc giao tận nhà."
166,"Mình đặt giao hàng, ship tới còn nóng hổi luôn. Với giá tiền này thì chất lượng món ăn là rất được 🍽 Mình order :
+ Tok không mì : nêm vừa miệng nhưng không cay
+ Miến trộn : cọng miến siêu ngon, nêm vừa miệng
+ Mì tương đen : chỗ bán mì tương đen ngon nhất mình từng ăn, không bị đắng như những chỗ khác, cọng mì dai ngon ~
+ Súp kim chi : cũng được thôi vì với mình nó hơi nhạt chút
+ Gà chua cay : siêu ngon ngon ngon ngon ngon luôn thích nhất món này ư hư chỉ 65k mà 6 miếng lận 🤪
Tóm lại rất đáng đồng tiền, món nào mình cũng ưng trừ súp kim chi hoi ~"
168,"Cơm bibim ở đây ngon, canh kim chi ăn cũng khá ngon. Giá rẻ, quán đông tuy nhiên lên món nhanh. Sẽ tiếp tục ủng hộ"
172,"Mình order qua Deli.

[Jap Chae] miến khá dễ ăn xào với thịt.
[Cơm gà cay Dakbokkum] huhu best nhất lòng mình. Rất là dễ ăn, hài lòng tuyệt đối, gà cũng nhiều nữa. Nhất định phải thử.
[Tok phô mai có mì] cũng best luon. Chi nhánh ở Sư Vạn Hạnh Q10 lần nào đó mình ăn cay xĩu nhưng mà dzất ngon.
[Kimbap] ăn bthg thui.
Tiếc là order deli nên không đc refill canh.."
176,"Đồ ăn thì lâu, phục vụ thì lơ khách, quán ko vệ sinh, mọi người không nên đến... Có dến thì đến chi nhánh khác"
179,Quán han gia re cơm bò ngon gà rán giòn nhưng miến ăn hơi lạt
182,"Món ăn hợp khẩu vị, canh và kim chi miễn phí ăn hết có thể lấy tiếp, giá cả hợp lý, có điều lên món hơi lâu vì qán quá đông."
184,"Mình ăn ở đây khá nhiều lần. 
Đồ ăn ngon, có món gà chiên gì đấy :3 hơi dở. Thích nhất tokkbokki, miến xào, cơm. Lẩu kim chi thịt heo và cá ngừ khá ngon cay nhẹ và chua. Món bingsu (không nhớ tên) ở đây đúng là cực phẩm nên thử.
Nhân viên nhiệt tình từ giữ xe đến thu ngân đến phục vụ.
Quán dễ tìm. Không gian mát lạnh."
187,"Phải nói là đô ăn ở đây ngon, hợp khẩu vị ăn ở đây cũng vài lần, lần nào cũng hài lòng hết, nhân viên phục vụ cũng okie có 1 điều không thích là quán hơi đông hơi khó chịu một xíu, giá chấp nhận được"
189,"Combo kimbap và gà sốt chua cay, một bữa ăn đầy đủ và ngon lành"
192,Món nào cũng ngon theo khẩu vị Việt nên dễ ăn chỉ có điều hơi ngọt (đối với mình)
194,"Vừa ăn xong là về review ngay.  Quán khá là đông dù mình đi cũng hơi muộn rồi.  Mém xíu nữa là về vì k có bàn. Hehe 
Hôm nay mình odr 3 món cho 3 người ăn mà no muốn xĩu luôn. 
Món Kun Man Du thì k hợp khẩu vị cho lắm.  Giá hơi mắc 1 tý.  Giống há cảo chiên.  6 - 7đ thôi. 
Món Phomai Kimchi Bokkum cũng oke. Vị khá lạ. Cơm trộn với kim chi, xúc xích với gia vị đặc trưng. Mình khuyên nên ăn kèm với sốt Mayonnaise thì dậy mùi và đặc sắc hơn.  Thích hợp với giá tiền. 
Món lẫu Sun đu bu ăn kèm với cơm.  Thoạt đầu mình k thích lắm. Nhưng ăn vào thì khá là ngon. Trong canh có đậu hũ, kim chi, hành tây, hến, thịt, trứng,...  ăn kèm với cơm hơi bị thú vị luôn. 
3 món dành cho 3 người thì ăn bao no luôn.  Ở đây súp vs kimchi đc free nữa. 
Về không gian quán thì hơi chật, k đc đẹp lắm, máy lạnh cũng k hoạt động tốt (chắc vì do đông khách quá).  Nhưng bù lại nhân viên lại rất nhiệt tình, phụ vụ nhanh, lau dọn sạch sẽ. 10 điểm 
Lần sau sẽ ghé lại để ăn thử hết các món ở đây.  A"
197,"Giá cả hợp lý,  đồ ăn khá ngon"
199,"Đã ăn Hanuri nhiều lần mà giờ mới review, đã ăn ở chi nhánh Ng đình chiểu và xô viết nghệ tĩnh, hoàn toàn thích món ăn ở đây, hợp khẩu vị của mình và đám bạn, nv cũng dễ thương, nhiệt tình nữa, thích nhất là đc ăn súp vs kim chi free( lấy vừa đủ thôi chứ k bị phụ thu nhé), nói chung là tốt từ khâu món ăn đến phục vụ"
203,"Gián cách ở nhà thèm ăn đồ Hàn Quốc là mình nghĩ ngay tới Henuri đ ặt ngay liền bốn món ăn cho đã 
Ấn tượng đầu tiên là đóng gói rất đẹp và chắc chắn
Đồ ăn thì ngon và đầy đủ , nêm đậm . 
Nhưng kim bắp tay côn hơi mỏng nên chú truoc khi đặt nha"
207,"Hôm qua mới đi ăn ở đây. 
Theo nhận xét của mình thì thức ăn ngon, lẩu ngọt thanh, thị bò mềm. Có món cơm cá ngừ bao ngon luôn ạ, ăn 1 tô muốn goi thêm 1 tô nữa, nhưng khi xuống order tiếp thì thấy cả chục người xếp hàng chờ nên thôi k gọi thêm nữa (giờ đó tầm 18h30) mà đông khủng khiếp, đa số các bạn trẻ đến quán k nha. Rút kinh nghiệm lần sau gọi nhiều món 1 lần 
Các bạn giữ xe cũng rất dễ thương, lễ phép. Khi mình vô trời mưa, vừa dựng xe là có bạn giữ xe mang khăn giấy đưa ngay (điểm cộng phục vụ dễ thương), ai cũng vậy chứ k riêng mình nha."
212,"Đồ ăn ở đây giá rẻ
Thức ăn tạm ổn
Không gian phục vụ oke"
215,"●Buổi chiều đi học về lỡ cỡ và thèm món Hàn nên đã lên dạo Foody và tìm ra được quán này, đây là lần đầu tiên mình ăn nên có gì nói đó nha☺
• Giao tới hộp cơm còn nóng, mở ra thì mình thật sự bất ngờ, sạch sẽ mà gọn gàng lắm, nhìn vô là kiểu thỏa mãn luôn á mọi người😆
• Phần mình gọi được tặng kèm canh chả cá và kim chi. Cả 2 đều giúp đỡ ngán, canh chả cá thì cũng được, chả cá cắt ra nhỏ xíu xiu nên chúng ta sẽ thấy toàn là hành boa-rô🤣 giống canh boa-rô hơn là canh chả cá🤣, kim chi thì xuất sắc nha, chua cay vừa phải, ngon lắm🤤
• Cuối cùng là phần bibimbap, gồm cơm nấu với đậu, nấm xào, cải bó xôi, rau xà lách, bắp cải tím và trắng cắt sợi, cà rốt, kim chi củ cải cắt sợi, thịt bằm xào với hành tây, trứng ốp la (cứng và dai như cao su😕) và sốt đặc trưng của Hanuri( SIÊU NGON nhưng CAY). Tóm lại mình rất hài lòng trừ chiếc trứng ốp la ra😂😂😂😂😂😂

♡Cảm ơn mọi người đã đọc hết bài review của mình nhaaaaaa😘😘😘😘😘♡"
219,"Lần nào đặt hanuri cũng cảm thấy rất hài lòng,  hộp đựng rất sạch sẽ,  vệ sinh lại chắc chắn. Cho kimchi và đũa muỗng kèm theo cũng rất hào phóng. 
Cơm cá ngừ vị rất ngon,  lại nhiều nữa,  ăn 1 tô no luôn.  Tok thì cay nhẹ,  chả cá cũng nhiều,  tok mềm vừa ăn, mì chachang thì nhiều sốt. Canh thịt bò vị thanh, thịt cũng nhiều,  có miến và tok trong canh nữa nên mìn thích hơn canh kimchi, chỉ có cơm cho kèm hơi khô nên khó nuốt"
224,"Quán chắc mới mở, siêu rộng khỏi lo chờ đợi như bên XVNT.  Có điều chất lượng đồ ăn ko ngon bằng XVNT, cơm hơi khô cứng, đã đặt delivery lẫn đến ăn trực tiếp vẫn thấy cơm khô. Chỉ trừ điểm này thôi còn nhiêu rất ưng từ phục vụ đến không gian quán.
Hy vọng ăn thêm vài lần nữa thì quán sẽ cải thiện vì quán rộng và dễ đi hơn bên XVNT."
231,"Bánh ăn được không gian đẹp , tổng bill 2tr3 cho 3 người"
235,"Pizza ngon, tinh tế từ bột bánh, cho đến nhân. Hài lòng."
240,"Tự dưng thèm pizza là bay qua luôn 4Ps ko phải suy nghĩ, hên là còn bàn 🤣 Đồ ăn bao nhiêu năm chất lượng ko đổi, chưa thấy chỗ nào pizza ngon hơn ở đây á. Service quá tốt, nhân viên đc train bài bản. Hnay bàn mình vô trước mà thấy bàn bên cạnh vô sau có đồ ăn lên trước, góp ý nhẹ với manager thui ko có ý complain gì mà được tặng tráng miệng lun :)"
243,"Thức ăn ngon
Dịch vụ rất tốt
Không gian đẹp
Các bạn nên thử"
247,Không phải nói chứ đây là lần thứ n mình đã dùng bữa tại Pizza 4p's*** Đồ ăn ở đây lúc nào cũng ngon hết. Các bạn nhân viên rất rất tốt và niềm nở luôn. Phải nói là lỡ yêu Pizza 4p's***mất rồi.
250,"📍 Vị trí: hơi khó tìm, vì Lê Thánhh Tôn là đường 1 chiều, mà quán lại nằm trong hẻm nên cũng khó để ý. Ngay cả đầu hẻm cũng không hề có bảng hiệu gì luôn. Lần đầu mình đi phải dạo quanh mấy lần mới tìm thấy quán
🛵 Giữ xe: ngay trước quán, tốn 5k 
🏡 Không gian: có 1 lầu, cũng thoải mái
💃🏻 Nhân viên: lịch sự nhưng chưa được niềm nở cho lắm. 
🍽 Món ăn: mình gọi mì spaghetti cua, có nguyên mai cua trên mì, ngon cực kì luôn mà giá hơi cao. Pizza thì có thể chọn half half, viền bánh giòn ngon."
253,"Hôm nay bạn về nước nên 2 đứa đều không biết ăn gì , tấp đại vào quán này ăn thử xem sao .
Món đầu tiên là 1: Burata with Parma Ham & Mixed Tropical Fruits  , món này khá ấn tượng lớp kem không quá béo 8/10
Món thứ 2 : Salmon Rare steak steak , mơn này cũng ngon luôn nè , đúng kiểu mình thích 9/10 
Tiếp theo là 3: Grab tomato cream Spaghetti with Ricotta Cheese - cũng ngon nhưng không hợp khẩu vị của mình cho lắm , được nhỏ bạn cho ăn ké miếng cua thì vị đậm đà , không nhạt như nhiều chổ khác . 8/10
Món thứ  4: Japanese Ginger Pork - ăn 1 miếng thôi nè  do mình là đứa không thích ăn pizza cho lắm nên tạm nói là tạm được .
5 : Dâu tây - dâu to lắm luôn ý 
Phục vụ tương đối , nhận viên thân thiện nhiệt tình"
256,"Gọi 2 bánh pizza mix 4 vị khác nhau. Chọn bò và tôm ăn rất ngon, nhưng hải sản và thịt nguội k ngon
Salad cũng ngon lắm. Nói chung đồ ăn ngon nhưng phải chọn lọc chứ k phải món nào cũng ngon hết
Thấy m chê bánh sau k đc giòn, nv quán***và tặng 2 xuất kem, khá bất ngờ vì họ rất quan tâm ý kiến khách hàng
Nhóm 3 ng ăn hết 776k, no căng
Sẽ quay lại !"
259,"Rất lâu rồi mới quay lại nơi đây, vẫn ngon và rất ấm cúng, lagana hơi nhiều cà chua đối với mình.!"
265,"Quán làm ăn quá tốt...
Pizza đều ngon, giá cả hợp lý
Nhược điểm là quán quá đông chờ mệt toá"
271,"Vị trí quán: Rộng rãi thoáng mát và sang trọng.
Món ăn: ngon hết sẩy, kiểu như best pizza rồi 
Nhân viên: là một điểm cộng khi đến đây, khá tinh tế.
Giá: ổn với chất lượng
Sẽ quay lại"
274,"Món ăn rất đặc biệt và siêu ngon luôn. 
Nhân viên chuyên nghiệp và không gian vô cùng đặc sắc lãng mạn có view nhìn rất đẹp.
thanks 4p"
278,"Quán nằm cuối hẻm, xe taxi không chịu vô mà chỉ chở tới đầu hẻm rồi cho mình phải tự đi bộ vô.
Không gian bên trong rộng rãi, ấm áp, mình thấy quá trời chỗ ngồi mà gần như đều full. Vị trí ngồi gần lò nướng thì khá là ấm (nóng). Team mình được xếp ngồi trên lầu trong phòng riêng thì màu xám >.< nhìn hơi chán. Quán có chuông khi cần gọi nhân viên. Nhân viên phục vụ nhanh, tuy cũng còn sơ sót nhưng cũng có thể bỏ qua được.
Pizza của bánh làm bột ngon, vỏ mỏng, ăn không ngán. Mình order 2 loại thì đều là nhân bỏ rời trên vỏ đã nướng, không có cheese nướng chảy nên ăn bị rớt rớt. Mọi người đều khen, cá nhân mình thì thích pizza kiểu Ý hơn, cheessyyyyyy. Burrata ở quán ăn cũng ngon, có điều mình thấy hơi đặc, khá giống mozzarella hơn. Pasta pesto ngon, thơm béo, có điều chỉ đc mỗi mý em nghêu. Pasta sốt cua cũng vừa ăn, mọi người nên ăn nhanh chứ để lâu sẽ bị tanh. Lúc sau mình có order thêm pasta cá hồi gì đó thì làm đúng kiểu cheese nướng chảy, ăn siêu thích. Pizza ở đây chỉ có 1 size và cho chọn nhân half half nên dễ thử được nhiều vị. Salad cũng ngon. 
Mình thấy giá cả ở đây rẻ so với chất lượng phục vụ. Bình thường pizza trong cái chuỗi fastfood cũng khoảng 200k rồi. Salad ở đây siêu rẻ, 75k cho 1 thố to. Pasta mình không để ý lắm."
282,"Đi 2 người kêu 2 phần này ăn no luôn, phục vụ dễ thương"
285,"Mình đi ăn với bạn nà 
Tới quán này là phải gọi pizza phô mai trắng 
Thêm Mỗi người mỗi dĩa mì Ý là no ứ ự luôn~ 
Quán buổi tối nên đông, món ăn ra chậm nên nhân viên luôn báo thời gian còn mấy phút nữa là món ra
Sau khi ăn xong còn được bonus 1 viên kem vì để khách đợi món lâu (mặc dù mình thấy ko có lâu tí nào)

Quán có 1 điểm mình muốn thay đổi là sử dụng ống hút inox, quán ko sử dụng ống hút nhựa là tốt, nhưng ống hút inox có thể rửa và sử dụng lại như muỗng, nĩa, và việc vệ sinh, rửa ống hút inox ko fai dễ và cần thời gian mới rửa kỹ, sạch được. Quán chú tâm vào sức khoẻ KH là điểm cộng nhưng nếu đổi thành ống hút giấy sẽ tốt hơn, ống hút inox thường đc dùng ở gia đình như các nước tiên tiến khác sẽ okie hơn ~"
289,"1 người bạn Nhật giới thiệu nên tôi biết 4P từ những ngày đầu khi mới chỉ có 1 quán ở Lê Thánh Tôn. Lúc đó quán có phô mai tự làm, đồ ăn ngon, không gian ấm cúng, dịch vụ tốt nên tôi và bạn thường xuyên tới đây. 
Tuy nhiên, từ khi quán mở thêm chi nhánh thì chất lượng bắt đầu giảm. Phải chăng thêm chi nhánh nên nguồn cung sữa chất lượng để làm phô mai không đủ và chất lượng phô mai kém đi??? 
Chất lượng càng ngày càng đi xuống khi quán có thêm nhiều chi nhánh mới nữa. Không đủ phô mai chất lượng??? Tay nghề của bếp không duy trì vì phải tuyển thêm nhân sự mới??? Hay lý do nào khác nữa???
Tuần trước tôi và bạn ghé 4P thì chất lượng món ăn đã xuống rất nhiều:
Green salad rau ít đi nhiều và chuyển nhiều qua rau giá rẻ (nhớ những ngày đầu còn có cả rocket), sốt rất dở (giảm vị basil, giảm vị ngậy của anchovy chỉ còn nhiều vị chua gắt của giấm)
Clam chowder bị vón (có lẽ nấu quá lửa khi đã cho kem), cho quá nhiều kem, nghêu đông lạnh nấu xong vị hơi tanh và cứng, không cho khoai tây như ngày xưa và celery thì cho rất ít và đun quá kĩ, bacon không áp chảo trước khi nấu nên vị còn nguyên như ăn ba rọi xông khói luộc. 
Pizza 4 cheeses không còn ngon như xưa vì chất lượng phô mai càng ngày càng dở.
Rắt tiếc 4P không duy trì được chất lượng. Có lẽ tôi sẽ không trở lại 4P."
292,"Nghe mọi người khen nhưng chưa đi ăn bao giờ vì sợ mắc quá. Hôm này là được khách mời nên có cơ hội ăn thử
Pizza ở đây đặc trưng, không giống những nơi khác. Có loại ăn kèm mật ong, 5 vị phô mai gì đó. Loại nào cũng ngon cả. Khai vị khách mình chọn món có miếng thịt muối bọc miếng xoài. Ngon ghê nhưng đồng nghiệp có người ăn ko được, chê. Có thể do khẩu vị
Quán rất đông, phục vụ thì nhiệt tình, nhanh nhẹn. Không chê được điểm nào. Lâu lâu đi ăn cũng được bì giá cũng hơi cao"
295,"Phục vụ tốt, vị ngon, lạ"
298,"pizza làm thủ công, bột tươi và nướng bằng than củi.
Pizza có rau khá fresh, topping ko nhiều tuy nhiên theo mình thấy cũng khá ngon. Pasta cua ăn ngon, hơi nhạt nhưng rắc muối vô thì ăn ngon lắm nhé. Sốt kem nổi bật mùi gạch cua và thoảng mùi kem ko quá ngấy ăn ngon. Các món chả giò, trứng cuộn cũng ok, tuy nhiên ko dc đặc sắc lắm.
Không gian nhẹ nhàng và ko quá ồn.
Phục vụ nhiệt tình, dễ thương. Toilet đẹp và sạch sẽ. Sẽ quay lại khi thèm pizza và pasta cua nhe."
303,"1 phần mì ý  sốt cua, cũng như mọi nơi 
1 piza bò không hợp vị vì mình thích ăn kiểu giòn, piza đây mềm, vị mặn, bò với rau cứ như nướng bánh xong rắc lên, cái nào ra cái nào. Các bạn cứ tưởng tượng piza là vỏ bánh tráng cuốn rau vs bò vậy đó, bỏ có vị mặn luôn haha
Được cái phục vụ, đặt bàn trước dù Khách có đông Họ vẫn chu đâo và theo yêu cầu lúc đặt bàn,good
Cái hẻm này cũng nhiều nhà hàng lắm, dốc dốc bê tông cứ như ở Nhật, Hàn."
305,Bánh pizza ở đây siêu ngon gia cao nhưng đáng đồng tiền
311,"Món ăn ngon , giá tiền phải chăng. Phục vụ ổn. Rượu có nhiều lựa chọn. Lúc nào thèm ăn pizza hoặc pasta là qua đây liền. Nên gọi đặt bàn trước khi đến"
314,"Lâu lâu được mời, ngon ."
318,"Unlike other fast food pizza chains, Pizza 4P's offers more distinct quality pizza along with excellent service.
Flavour selection of their pizza and pasta seems to be more creative and brings a hint of Japanese style (those with Salmon sashimi, Teriyaki, Japanese ginger pork).
I guess there are only a few people know that this pizza chain is founded and operated by Japanese, not Italian!
You can order 1 pizza with 2 different flavours like I did, Teriyaki with beef. This salmon pasta is one of the best I've ever had. Sweet pizza is little bit dry though. The marou chocolate tart seems to be a seasonal option, and it is fantastic...
The ambience is cozy, modern yet refined. Staffs are very helpful and warming.
This time we especially chose the seats right in front of the pizza oven to enjoy the food while watching the chef preparing each pizza, very relaxing and enjoyable."
323,"Chỗ được reserved gần hết luôn, nên khá khó kiếm chỗ ngồi, lần sau chắc đi bên hai bà trưng, ko gian thoáng với nhiều gió hơn. Mình gọi pasta có burrata và pasta cua. Pasta cua hương vị ngon như cũ, luôn thơm và béo ngậy. Pasta burrata thì lần đầu ăn, thấy cơ bản sốt đã béo giờ thêm burrata thì hơi ngấy với lạc quẻ, nhưng pasta vẫn rất ngon. Mình còn gọi thêm súp nghêu, ôi siêu siêu béo, như ăn nước cốt dừa vậy, bạn nào ăn nổi béo mới nên kêu nha. Tuy nhiên vị rất đậm đà, ngọt vị nghêu, mình ăn thấy nghêu tươi nhưng bạn mình ăn trúng 1con còn lẫn cát. 
À mình kêu 2 pasta mà chưa ăn loại kia xong thì pasta cua lên nên mình kêu chừng nào ăn xong rồi đem món kia lên vì bàn thật sự rất nhỏ. Mình sợ pasta cua để lâu hơi tanh nhưng bạn nhân viên đã mang dĩa kia serve bàn khác và khi nào mình ăn thì làm dĩa mới để bảo toàn chất lượng. Tuy chờ thêm tí nhưng khá ưng cách xử lý này. 
Mình có gọi thêm ginger ale, vị cay thơm nồng mùi gừng với soda, rất ổn để cân bằng hậu béo đậm của các món pasta của 4P đó. Hoàn hảo luôn."
327,"I went to this restaurant recently and they didn't give my drink a straw.

I think there must be misconceptions, the problem is not the straw it's self, the problem is how we handle it after use. We should find the solution to safely recycle the straw after use instead of saying to customer: hey! No straw for u because we protecting environment. Ewww, its make me look like i am a bad person"
332,"Pizza 4p ở đâu cũng ngon hết! Cả nhà mình ai cũng nghiện. Nay ghé chi nhánh quận 7 thì vẫn khá ưng ý, pizza thơm và ít vị cháy hơn các chi nhánh khác, nhưng thái độ nhân viên thì không được thân thiện như bên quận 2 hay*** Anyway, vẫn đề cử!"
335,"Do các chi nhánh còn lại full bàn hết còn chi nhánh này còn nên mới có dịp ghé chi nhánh này. Mình ít khi lên quận 7, không rành đường cho lắm thấy hơi khó tìm. Không gian rộng rãi, thoải mái, sạch sẽ, sang trọng, có 2 lầu. Nhân viên lịch sự, niềm nở. Pizza có thể gọi half half là nửa loại này, nửa loại khác. Mì ý thì có viên phô mai Burrata bên trên, sắn ra là chảy ra nhìn đã dã man, ăn kèm với mì ý béo béo ngon cực. Pizza cũng có thể thêm viên phô mai đó nha. Giá cả tương xứng với dịch vụ và món ăn."
341,"Pizza 4P's –***Không gian ở Pizza 4P's là 1 trong những nới mình rất thích, sạch sẽ, yên tĩnh và lịch sự, tất nhiên đó là những lúc mình đi sớm rồi còn những khi tầm tối và giờ ăn trưa thì khá đông và hơi ồn 1 chút.
Nhân viên ở đây cũng khá lịch sự, nói chuyện nhỏ nhẹ và làm việc khá nhanh nhẹn, chu đáo.
Pizza sashimi cá hồi ở đây rất ngo, miếng cá hồi tươi ngon, kết hợp cùng phô mai trên chiếc pizza giòn thơm thật tuyệt vời. Nghe tên sự kết hợp lạ lạ này nên mình gọi thử không ngờ mê luôn từ đây!"
346,"Vị trí quán: Rộng rãi thoáng mát và sang trọng.
Mỳ pasta rất ngon,nhà hàng lúc nào cũng đông. Khá hài lòng.
Món ăn: ngon hết sẩy, kiểu như best pizza rồi 
Nhân viên: là một điểm cộng khi đến đây, khá tinh tế.
Giá: ổn với chất lượng"
349,"Dễ tìm không gian sang trọng nhưng giá cả vô cùng bình dân. Bình dân đến bất ngờ.Nói chung là ngon, bánh dày vừa đủ cộng topping nhiều nên ăn không bị ngán. Duyệt! Sẽ thử nhiều loại pizza hơn."
353,"Bản thân mình ko thx ăn Pizza, hiếm khi nào ăn được 2 miếng (bánh cắt 8 miếng). Mà được sự động viên của bạn bè nên nay mình dấn thân thử Pizza 4P’s, ta nói ngon thật sự. Mình kêu pizza 2 half: nửa hải sản + nửa bò dầu giấm, 2 người ăn no luôn. Bạn nào ăn ít như mình thì đi 2 người kêu 1 bánh với nước là okie rồi. Ngoài ra, ở đây có nhiều loại lắm như cá hồi, sashimi cá hồi, tôm, gà, đặc biệt là 4cheese (betseller của quán)...có luôn bánh chay từ hoa quả cho người ăn chay nữa, thx ghê không.
+ Vị trí: mình ở Q7 nhưng mất 30p mới tìm ra quán. Giờ đi thì kiếm được ngay, do ban đầu đi theo bản đồ nên hơi khó kiếm
+ Không gian: rộng rãi, thoải mái, nhưng lúc mình đi phải đợi 30p tại đông lắm
+ Phục vụ: khá dễ thương và nhiệt tình nhưng do quán đông nên nói chuyện nhanh rồi đi thôi, ít kêu được lắm.
+ Món ăn: đương nhiên pizza là ngon rồi, đế bánh mỏng ít bột, topping ngon, phô mai ko béo nguậy ăn rất okie! Mấy món khác mình sẽ thử sau, menu nhiều món lắm
+ Giá cả: Hơi cao so với mặt bằng nước uống nhưng pizza thì xứng đáng đồng tiền nhe!"
357,"- Vỏ bánh mỏng, ăn không bị ngán, hương vị phải nói là rất tuyệt vời! Recommend Pizza tôm mayo vì mình yêu ẻm quá, hợp khẩu vị cực kì luôn, nhất định sẽ quay lại để """"chén"""" ẻm tiếp. Tuy nhiên, phần đế bánh còn hơi khét xíu, ăn khúc cuối còn thấy hơi đắng"
361,"Mình thèm Pizza nhưng chỉ hợp vị của 4P's thôi
Chất lượng đi theo giá rất ok
Không gian đây đẹp và lãng mạn thôi rồi luôn
Đi buổi tối là nhất nhé 
Nhưng mình thích bên Q1 chỗ chợ bến thành hơn vì bếp mở ngồi ăn nhìn bếp làm luôn 
Sạch sẽ làm nhanh mà ngon
Đồ chất lượng, nhân viên tận tình 
Còn nhiều món lắm nhé
Salas, cá hồi hun khói, bơ tự làm
À ở đây nên ăn bơ của 4p's thử 1 lần đảm bảo nghiện !"
365,"Instagram - @catherine.loves.foods

Tới với 4ps thì cũng k còn gì nhiều để nói vì lúc nào tới cũng hài lòng. Hôm nay C kêu 1 salad Burrata with Parma Ham & Mixed Tropical Fruits nhỏ - Pizza Four Cheese & Soy Garlic Beef - Clam & Bassil Sauce Spaghetti. Salad ngon lắm, phô mai Burrata ăn với trái cây ngọt ngọt chua chua rất hợp. Phô mai tươi trái cây cũng tươi ăn thật sự rất thích nha. Pizza ở đây thì bao giờ cũng ngon, được cái kỳ này nhà hàng làm phần đế bánh giòn ăn ngon lắm, đi mấy chi nhánh khác thì C thấy không được giòn vậy. Tới spaghetti thì C hụt hẫng tí vì sauce không đậm đà lắm nên không hợp với C. Điểm trừ ở đây là nghêu chưa được rữa kỹ nên ăn thấy lợn cợn cát không thích tí nào . Services của 4ps thì không gì phải chê nhân viên lúc nào cũng nhiệt tình dễ thương . Hôm nay món mỳ không làm C hài lòng lắm nhưng tổng thể thì vẫn yêu 4ps lắm vì chất lượng mấy món khác và dịch vụ tốt vậy mà. "
369,"Cái này người nhà mình gọi nên mình cũng không rõ tên món nữa, chỉ kịp chụp lại hình hà 

(+) Ghế ngồi và khung cảnh ở đây làm mình thích hơn là ở q1 . 
(+) Món đầu tiên là món khoai tây nghiền ăn chung với 1 loại bánh, mình không biết tên bánh là gì nữa nhưng bánh mềm, ăn không bị ngán. Ăn chung với khoai tây nghiền cũng thích lắm. 
(+) Món tiếp theo được đựng trong muỗng, là rau củ với sốt, có hạnh nhân bên trên nên ăn thơm lắm. Dù chỉ có rau củ thôi mà ăn rất ngon, thấm vị lắm. 
(+) Salad được ăn kèm với sốt màu nâu í, nên đổ 1 ít rồi trộn tiếp chứ đổ hết thì sẽ mặn. Cảm giác là ít đậu hơn là ăn ở quận 1 . 
(+) Món tiếp theo là khay cheese ăn kèm với bánh như món đầu tiên. Mình chỉ thích ăn loại cheese mà dẻo dẻo thôi, bên q1 thì để nguyên miếng nhưng bên đây thì làm chảy rồi. À có thêm cọng màu đen ăn kèm nữa, mình ăn thấy ngon lắm nhưng không biết chính xác đó là gì :)) 
(+) Pizza thì mình vẫn thích ăn kèm với burrata nhất, ăn béo béo mà không bị ngấy, vẫn thấy ăn ở q1 thì miếng burrata ngon hơn. Pizza vỏ mỏng, bò ăn thơm lắm. 
(+) Pizza thứ 2 là hải sản cheese, phần còn lại là cá hồi với cheese. Hải sản tươi, vị cá hồi cũng ngon nữa.
(+) Tráng miệng là món bánh su kem với kem.  Bánh su kem ăn thơm, nhân kem bên trong ăn không quá béo, cũng không bị ngán, thật sự rất ưng ý. 

(-) Mình thấy thái độ nhân viên bên đây hơi kì. Bưng bánh su kem với kem ra mà không đưa muỗng, một hồi sau mới đưa, làm vậy rồi kem chảy rồi sao? Sao không đưa muỗng cho khách trước hoặc cùng lúc dọn bánh? 
(-) Cả nhà mình ngồi ăn, bưng dĩa bánh ra chính giữa mà không đưa dĩa trắng cho khách để hứng nữa. Đang múc muỗng bánh mà không dọn dĩa vậy là bánh rơi ra bàn khỏi ăn à? ‘ Lúc mình xin dĩa trắng, bạn nhân viên nam có vẻ lơ lơ, nghe mình xin xong thì quay nói chuyện cùng bạn nhân viên khác, xin thêm lần nữa thì mới đưa."
